,Year 2020,Year 2025,Difference,Year 2020 % of Total,Year 2025 % of Total,% Difference
Water,69.2,61.8,-7.4,0.4,0.4,-10.69364162
Vegetation,127,280.7,153.7,0.8,1.7,121.023622
Built-up,2930.5,3114.9,184.4,17.5,18.6,6.292441563
Agriculture,12289.5,12390.5,101,73.5,74.1,0.821839782
Barren,1312.3,880.6,-431.7,7.8,5.3,-32.89644136
